field,band,mag_bin,muU,sigmaU,wU,wR1,muR1,sigmaR1,alphaR1,wR2,muR2,sigmaR2,alphaR2,wR3,muR3,sigmaR3,alphaR3
ECDFS,u,16.0-16.5,0.002440,0.005253,1.000000,0.000000,0.200000,0.150000,3.000000,0.000000,0.500000,0.250000,3.000000,0.000000,0.900000,0.350000,3.000000
ECDFS,u,16.5-17.0,0.002440,0.005253,1.000000,0.000000,0.200000,0.150000,3.000000,0.000000,0.500000,0.250000,3.000000,0.000000,0.900000,0.350000,3.000000
ECDFS,u,17.0-17.5,0.002440,0.005253,1.000000,0.000000,0.200000,0.150000,3.000000,0.000000,0.500000,0.250000,3.000000,0.000000,0.900000,0.350000,3.000000
ECDFS,u,17.5-18.0,0.002440,0.005254,0.864773,0.091217,0.043287,0.011825,-9.850604,0.002256,1.428606,1.884482,4.686199,0.041755,0.075128,0.078155,-19.975699
ECDFS,u,18.0-18.5,0.002440,0.005255,0.709779,0.090816,0.020795,0.012749,-0.004714,0.001739,0.170015,1.339951,5.979637,0.197665,1.499996,1.171079,13.514790
ECDFS,u,18.5-19.0,0.002440,0.005259,0.582565,0.059101,0.036030,0.006363,-11.349971,0.009640,0.405570,0.360142,-17.972321,0.348694,1.403958,2.000000,4.049951
ECDFS,u,19.0-19.5,0.002440,0.005267,0.478151,0.261730,0.000590,0.002565,0.003178,0.086197,0.000000,0.015403,6.126464,0.173922,1.486660,0.448831,0.199534
ECDFS,u,19.5-20.0,0.002440,0.005286,0.392452,0.270171,0.003721,0.005493,-4.026227,0.287976,1.188170,1.132349,0.827824,0.049401,1.191531,0.160097,20.000000
ECDFS,u,20.0-20.5,0.002440,0.005330,0.322112,0.267239,0.005192,0.006535,-1.575357,0.303649,0.838155,1.220937,20.000000,0.106999,0.747352,0.485002,0.001710
ECDFS,u,20.5-21.0,0.002440,0.005433,0.264380,0.182758,0.681108,0.425996,0.145240,0.024566,0.648388,0.081982,19.858765,0.528296,0.842905,1.749675,15.412093
ECDFS,u,21.0-21.5,0.002440,0.005670,0.216995,0.108894,0.000000,0.011581,14.126501,0.037150,0.764483,0.054834,1.070888,0.636962,0.423928,1.098517,2.881395
ECDFS,u,21.5-22.0,0.002440,0.006192,0.178102,0.253735,0.087415,0.679203,6.969870,0.388422,0.446134,0.549924,8.741699,0.179740,1.032078,1.279033,19.888526
ECDFS,u,22.0-22.5,0.002440,0.007279,0.146181,0.325762,0.086303,0.496859,6.328254,0.194675,0.330604,0.450134,19.191340,0.333382,0.604768,0.618114,13.562934
ECDFS,u,22.5-23.0,0.002440,0.009357,0.119981,0.014840,0.017449,0.024006,12.896021,0.392232,0.073608,0.523891,19.995682,0.472947,0.423023,0.470263,2.070359
ECDFS,u,23.0-23.5,0.002440,0.013007,0.098477,0.037464,0.031019,0.057287,15.982417,0.214439,0.104465,0.163890,4.917181,0.649620,0.307638,0.451404,4.560165
ECDFS,u,23.5-24.0,0.002440,0.019026,0.080826,0.098334,0.102135,0.036413,-0.002595,0.327881,0.242816,0.082960,-0.003310,0.492959,0.316989,0.357491,11.312037
ECDFS,u,24.0-24.5,0.002440,0.028588,0.066340,0.253912,0.095009,0.067913,-0.008616,0.475849,0.286935,0.124469,-0.008260,0.203900,0.587155,0.240008,-0.012845
ECDFS,u,24.5-25.0,0.002440,0.043503,0.054450,0.023832,0.000000,0.019257,0.201895,0.782963,0.003810,0.286146,5.021071,0.138755,0.000000,0.563231,4.484889
ECDFS,u,25.0-25.5,0.002440,0.066571,0.044691,0.126863,0.060453,0.079232,0.000719,0.696199,0.010310,0.268665,2.177392,0.132248,0.000000,0.566417,10.565339
ECDFS,u,25.5-26.0,0.002440,0.102118,0.036681,0.240855,0.045382,0.114994,0.007451,0.574753,0.000000,0.280798,1.668112,0.147711,0.000000,0.611652,2.428654
COSMOS,u,16.0-16.5,-0.001077,0.003640,1.000000,0.000000,0.200000,0.150000,3.000000,0.000000,0.500000,0.250000,3.000000,0.000000,0.900000,0.350000,3.000000
COSMOS,u,16.5-17.0,-0.001077,0.003641,1.000000,0.000000,0.200000,0.150000,3.000000,0.000000,0.500000,0.250000,3.000000,0.000000,0.900000,0.350000,3.000000
COSMOS,u,17.0-17.5,-0.001077,0.003645,0.999548,0.000401,0.043780,0.001008,-3.521684,0.000014,0.632025,0.191379,5.125474,0.000037,0.867635,0.599019,3.970420
COSMOS,u,17.5-18.0,-0.001077,0.003651,0.836770,0.163226,0.011994,0.003153,-0.080224,0.000000,0.067603,1.544172,-3.607777,0.000004,1.447195,1.909089,6.946577
COSMOS,u,18.0-18.5,-0.001077,0.003661,0.700501,0.299499,0.003732,0.009724,3.803021,0.000000,0.030157,1.986939,-2.927766,0.000000,1.093319,1.936553,1.401282
COSMOS,u,18.5-19.0,-0.001077,0.003679,0.586423,0.329342,0.000000,0.010557,1.610968,0.005843,0.114968,0.037447,-19.733489,0.078392,1.196204,1.076552,6.326342
COSMOS,u,19.0-19.5,-0.001077,0.003712,0.490923,0.173494,0.000000,0.015010,1.079934,0.003411,0.570007,0.076945,8.656136,0.332172,1.332346,1.993760,4.135722
COSMOS,u,19.5-20.0,-0.001077,0.003768,0.410975,0.258966,0.000000,0.008999,0.281404,0.031466,0.731559,0.204519,1.098234,0.298593,1.095646,1.513522,19.995684
COSMOS,u,20.0-20.5,-0.001077,0.003866,0.344047,0.211749,0.000000,0.009657,0.512609,0.056915,0.828907,0.261348,0.005912,0.387289,0.862487,1.545834,19.998187
COSMOS,u,20.5-21.0,-0.001077,0.004033,0.288019,0.112721,0.616339,0.401001,0.015020,0.050294,0.641132,0.336840,19.046027,0.548966,0.921881,1.914669,19.994039
COSMOS,u,21.0-21.5,-0.001077,0.004313,0.241114,0.086470,0.000000,0.010660,1.056748,0.373797,0.999979,0.392986,-0.701711,0.298618,1.032310,1.432464,20.000000
COSMOS,u,21.5-22.0,-0.001077,0.004768,0.201848,0.029308,0.000000,0.040736,9.366318,0.558869,0.462581,0.471846,1.400131,0.209975,0.981024,1.519076,20.000000
COSMOS,u,22.0-22.5,-0.001077,0.005481,0.168977,0.094997,0.006371,0.284871,19.983800,0.538961,0.379859,0.427296,1.973930,0.197064,0.707462,1.005491,9.838060
COSMOS,u,22.5-23.0,-0.001077,0.006557,0.141459,0.305821,0.044072,0.427618,12.836172,0.391823,0.356768,0.338120,2.043075,0.160897,0.691648,0.551601,4.620174
COSMOS,u,23.0-23.5,-0.001077,0.008117,0.118422,0.273826,0.036685,0.280633,19.990638,0.384459,0.234079,0.341629,3.453266,0.223292,0.491567,0.429908,4.291991
COSMOS,u,23.5-24.0,-0.001077,0.010316,0.099137,0.032546,0.026434,0.034886,6.982122,0.582360,0.068933,0.340054,15.914989,0.285957,0.281675,0.423904,4.767463
COSMOS,u,24.0-24.5,-0.001077,0.013347,0.082992,0.008021,0.032431,0.005860,-0.007370,0.025802,0.050895,0.011733,-0.012132,0.883185,0.058775,0.374129,19.974419
COSMOS,u,24.5-25.0,-0.001077,0.017466,0.069477,0.714774,0.029633,0.245198,17.655108,0.188337,0.290636,0.272012,6.853638,0.027412,0.855295,0.371773,0.021530
COSMOS,u,25.0-25.5,-0.001077,0.023015,0.058162,0.337609,0.029062,0.089933,1.713862,0.400222,0.187017,0.179212,1.863831,0.204007,0.024584,0.440428,19.999999
COSMOS,u,25.5-26.0,-0.001077,0.030449,0.048691,0.427347,0.000000,0.097380,1.849066,0.335051,0.193994,0.140262,1.378547,0.188911,0.000000,0.394127,6.669320
ECDFS,g,16.0-16.5,-0.010309,0.007897,1.000000,0.000000,0.200000,0.150000,3.000000,0.000000,0.500000,0.250000,3.000000,0.000000,0.900000,0.350000,3.000000
ECDFS,g,16.5-17.0,-0.010309,0.007897,1.000000,0.000000,0.200000,0.150000,3.000000,0.000000,0.500000,0.250000,3.000000,0.000000,0.900000,0.350000,3.000000
ECDFS,g,17.0-17.5,-0.010309,0.007897,0.900284,0.018379,0.077527,0.095932,-19.098680,0.007834,0.590437,0.416868,19.881236,0.073503,1.117999,0.851041,4.385489
ECDFS,g,17.5-18.0,-0.010309,0.007897,0.737738,0.045698,0.033457,0.030480,-19.999497,0.017028,1.369073,0.368948,-14.818139,0.199536,0.882314,2.000000,20.000000
ECDFS,g,18.0-18.5,-0.010309,0.007898,0.604539,0.036656,0.054679,0.055891,-5.756102,0.036675,0.743129,0.539815,19.998615,0.322130,1.158873,1.997934,3.409580
ECDFS,g,18.5-19.0,-0.010309,0.007899,0.495389,0.149592,0.000000,0.014261,-20.000000,0.218774,0.629660,0.971697,10.694431,0.136244,1.500000,0.217996,1.508953
ECDFS,g,19.0-19.5,-0.010309,0.007901,0.405946,0.166264,0.000000,0.011875,-6.669531,0.088930,0.955924,0.202553,-1.059174,0.338859,1.500000,0.640616,0.137535
ECDFS,g,19.5-20.0,-0.010309,0.007905,0.332653,0.034697,0.296612,0.248296,0.207862,0.232514,0.507965,0.378214,4.276324,0.400137,0.984969,1.577832,19.999047
ECDFS,g,20.0-20.5,-0.010309,0.007915,0.272592,0.343822,0.784959,0.336929,0.018311,0.050135,0.659721,0.172840,19.999979,0.333451,1.473872,2.000000,2.120511
ECDFS,g,20.5-21.0,-0.010309,0.007936,0.223375,0.126630,0.461841,0.161838,-1.876890,0.351487,0.490744,0.449820,19.536943,0.298507,0.911684,2.000000,19.999992
ECDFS,g,21.0-21.5,-0.010309,0.007980,0.183045,0.259430,0.350526,0.167526,0.007889,0.363576,0.567190,0.325220,2.880197,0.193949,0.936753,2.000000,19.971608
ECDFS,g,21.5-22.0,-0.010309,0.008076,0.149996,0.629560,0.163629,0.492344,4.029272,0.099191,0.765822,0.215041,0.003373,0.121253,1.424922,1.998580,4.280905
ECDFS,g,22.0-22.5,-0.010309,0.008280,0.122914,0.501241,0.079558,0.448441,6.345100,0.316862,0.349611,0.382215,1.927740,0.058984,1.289454,1.243105,19.974400
ECDFS,g,22.5-23.0,-0.010309,0.008703,0.100722,0.222449,0.053613,0.186552,3.807509,0.657341,0.259752,0.362445,2.732294,0.019488,1.146249,0.466924,10.523245
ECDFS,g,23.0-23.5,-0.010309,0.009553,0.082537,0.361242,0.048109,0.207279,6.762309,0.510818,0.264167,0.301398,2.601382,0.045404,0.626315,0.564681,19.988827
ECDFS,g,23.5-24.0,-0.010309,0.011170,0.067635,0.344107,0.031777,0.170696,10.008099,0.568564,0.197532,0.304798,3.527020,0.019694,1.137115,0.332834,0.082535
ECDFS,g,24.0-24.5,-0.010309,0.014042,0.055423,0.820913,0.027194,0.302518,18.029898,0.072222,0.241642,0.184701,1.769641,0.051442,0.199217,0.660189,3.366877
ECDFS,g,24.5-25.0,-0.010309,0.018804,0.045416,0.325649,0.020118,0.095759,2.248045,0.570648,0.146297,0.211037,2.302774,0.058286,0.274755,0.432819,2.407545
ECDFS,g,25.0-25.5,-0.010309,0.026295,0.037217,0.196997,0.000000,0.035944,0.194184,0.757949,0.045768,0.246022,12.024345,0.007838,0.701707,0.344886,20.000000
ECDFS,g,25.5-26.0,-0.010309,0.037699,0.030497,0.344519,0.000000,0.050327,0.341957,0.611439,0.113142,0.168680,1.466731,0.013545,0.521549,0.247383,14.470222
COSMOS,g,16.0-16.5,-0.001251,0.002937,1.000000,0.000000,0.200000,0.150000,3.000000,0.000000,0.500000,0.250000,3.000000,0.000000,0.900000,0.350000,3.000000
COSMOS,g,16.5-17.0,-0.001251,0.002937,0.959886,0.040114,0.022834,0.006518,-0.299266,0.000000,0.273669,0.022794,-6.293242,0.000000,1.003299,1.067932,10.935349
COSMOS,g,17.0-17.5,-0.001251,0.002937,0.816927,0.183073,0.008892,0.008218,10.454711,0.000000,0.070619,0.567196,3.719743,0.000000,1.373096,0.158630,14.394025
COSMOS,g,17.5-18.0,-0.001251,0.002938,0.695260,0.269342,0.000000,0.014628,20.000000,0.011308,0.998210,0.057654,20.000000,0.024090,1.366248,0.101251,3.089962
COSMOS,g,18.0-18.5,-0.001251,0.002940,0.591713,0.198991,0.004457,0.007675,-0.000390,0.039007,0.852673,0.285747,2.866237,0.170289,1.208075,1.312997,19.997100
COSMOS,g,18.5-19.0,-0.001251,0.002942,0.503588,0.152197,0.000000,0.007473,1.097322,0.065250,0.000000,2.000000,-0.973735,0.278965,0.804328,1.699164,20.000000
COSMOS,g,19.0-19.5,-0.001251,0.002947,0.428587,0.282483,0.000000,0.002648,-0.410402,0.093825,0.735713,0.812944,18.105243,0.195105,1.499937,0.640239,-0.321383
COSMOS,g,19.5-20.0,-0.001251,0.002956,0.364756,0.080431,1.090294,0.555847,-11.680749,0.012090,0.587287,0.069141,19.988497,0.542722,0.787023,1.845451,19.999999
COSMOS,g,20.0-20.5,-0.001251,0.002971,0.310432,0.172002,0.000000,0.003051,-0.833941,0.285784,0.503318,0.736473,6.271232,0.231781,1.176416,0.538230,0.039889
COSMOS,g,20.5-21.0,-0.001251,0.002999,0.264199,0.142608,0.000000,0.002571,-0.611242,0.269292,0.879860,0.338489,-2.451246,0.323901,0.855128,0.590019,6.921384
COSMOS,g,21.0-21.5,-0.001251,0.003049,0.224851,0.041715,0.000000,0.016991,1.405856,0.581129,0.415404,0.508454,2.160662,0.152305,0.776460,2.000000,20.000000
COSMOS,g,21.5-22.0,-0.001251,0.003138,0.191363,0.415283,0.239647,0.461622,2.747685,0.288157,0.592903,0.393363,1.428416,0.105196,1.499950,1.999992,3.738609
COSMOS,g,22.0-22.5,-0.001251,0.003292,0.162863,0.240646,0.129951,0.278164,2.892179,0.534169,0.442468,0.392812,2.114757,0.062322,1.117923,2.000000,19.943841
COSMOS,g,22.5-23.0,-0.001251,0.003554,0.138607,0.456017,0.087387,0.423694,7.147245,0.359682,0.401881,0.338557,1.821842,0.045693,0.842670,0.469600,12.374083
COSMOS,g,23.0-23.5,-0.001251,0.003985,0.117964,0.010611,0.007461,0.016883,12.604803,0.535547,0.072130,0.409103,12.684722,0.335877,0.304436,0.425729,3.395390
COSMOS,g,23.5-24.0,-0.001251,0.004664,0.100395,0.098668,0.038925,0.080768,3.893744,0.636336,0.131845,0.332130,6.683725,0.164600,0.345206,0.445016,7.537135
COSMOS,g,24.0-24.5,-0.001251,0.005691,0.085443,0.183566,0.040449,0.097008,4.764288,0.716913,0.157353,0.323994,5.046269,0.014078,1.111609,0.246978,0.424145
COSMOS,g,24.5-25.0,-0.001251,0.007186,0.072718,0.648790,0.026236,0.277465,19.999961,0.255271,0.253816,0.251582,1.959149,0.023222,0.670531,0.377685,6.605039
COSMOS,g,25.0-25.5,-0.001251,0.009299,0.061888,0.844469,0.008720,0.298809,11.078143,0.071729,0.330033,0.098115,1.945866,0.021914,0.509566,0.439692,19.624865
COSMOS,g,25.5-26.0,-0.001251,0.012227,0.052671,0.319620,0.072353,0.049829,-0.003131,0.530077,0.291998,0.115490,-0.007271,0.097632,0.542032,0.186773,-0.042865
ECDFS,r,16.0-16.5,-0.002314,0.004260,1.000000,0.000000,0.200000,0.150000,3.000000,0.000000,0.500000,0.250000,3.000000,0.000000,0.900000,0.350000,3.000000
ECDFS,r,16.5-17.0,-0.002314,0.004261,0.945705,0.019890,0.033079,0.043510,-6.758996,0.028863,0.009730,0.006587,19.747036,0.005543,1.274938,0.016383,19.354538
ECDFS,r,17.0-17.5,-0.002314,0.004262,0.758262,0.153064,0.000000,0.014255,-0.535870,0.019453,0.521859,0.546885,7.081433,0.069222,1.050674,0.650287,4.696981
ECDFS,r,17.5-18.0,-0.002314,0.004264,0.607971,0.159029,0.008183,0.017454,-2.274632,0.017488,0.903680,0.012039,-20.000000,0.215512,1.043411,0.898411,1.648470
ECDFS,r,18.0-18.5,-0.002314,0.004268,0.487468,0.193616,0.002054,0.009931,-18.192217,0.090627,0.857611,0.192105,-0.038587,0.228289,0.992566,0.770214,19.606072
ECDFS,r,18.5-19.0,-0.002314,0.004276,0.390850,0.197053,0.002809,0.008852,-20.000000,0.151189,0.902757,0.224447,-0.910461,0.260908,0.781969,0.989159,20.000000
ECDFS,r,19.0-19.5,-0.002314,0.004289,0.313381,0.255290,0.003032,0.004537,-19.999987,0.314754,1.059540,0.348303,-2.003544,0.116575,1.175347,0.348250,20.000000
ECDFS,r,19.5-20.0,-0.002314,0.004313,0.251268,0.128155,0.638068,0.408219,0.066369,0.264120,0.440538,0.452991,4.757438,0.356458,0.928377,1.397714,19.998986
ECDFS,r,20.0-20.5,-0.002314,0.004358,0.201465,0.192090,0.582659,0.187060,-1.555785,0.358780,0.624308,0.393866,8.133078,0.247664,1.064767,1.701009,19.985103
ECDFS,r,20.5-21.0,-0.002314,0.004438,0.161534,0.319411,0.550888,0.209170,-1.264250,0.337582,0.637617,0.330103,3.398718,0.181473,0.986437,1.129350,19.970313
ECDFS,r,21.0-21.5,-0.002314,0.004581,0.129517,0.670092,0.244570,0.450196,2.854291,0.113186,0.717239,0.326511,4.386633,0.087205,1.480471,1.296579,19.253579
ECDFS,r,21.5-22.0,-0.002314,0.004832,0.103846,0.278682,0.300043,0.120636,-0.264339,0.549031,0.418669,0.380520,5.332860,0.068441,0.688913,2.000000,19.930335
ECDFS,r,22.0-22.5,-0.002314,0.005262,0.083264,0.310187,0.107231,0.221966,2.953145,0.571577,0.360532,0.372017,2.895527,0.034972,1.500000,1.144868,0.745080
ECDFS,r,22.5-23.0,-0.002314,0.005971,0.066760,0.677458,0.089808,0.394451,6.481621,0.219381,0.369821,0.315520,1.682221,0.036401,0.706955,0.550755,19.934756
ECDFS,r,23.0-23.5,-0.002314,0.007087,0.053528,0.242696,0.067457,0.141935,3.472289,0.666510,0.226836,0.349161,3.376684,0.037266,0.905921,0.512330,0.043965
ECDFS,r,23.5-24.0,-0.002314,0.008773,0.042919,0.783300,0.051855,0.368301,12.407339,0.132774,0.304433,0.275564,2.091838,0.041008,0.849563,0.535109,-0.010277
ECDFS,r,24.0-24.5,-0.002314,0.011224,0.034412,0.606570,0.037129,0.262703,8.409326,0.324532,0.267067,0.281099,2.028123,0.034486,0.763423,0.477819,0.018360
ECDFS,r,24.5-25.0,-0.002314,0.014692,0.027591,0.849699,0.000000,0.333316,11.920076,0.096507,0.336307,0.111769,1.771347,0.026202,0.101138,0.698289,2.048735
ECDFS,r,25.0-25.5,-0.002314,0.019508,0.022123,0.112047,0.000000,0.020891,-0.156610,0.113486,0.328774,0.079933,1.274771,0.752345,0.000000,0.303868,9.094789
ECDFS,r,25.5-26.0,-0.002314,0.026126,0.017738,0.283025,0.000000,0.028772,0.030179,0.678237,0.001106,0.280256,5.997078,0.021000,0.000000,0.645881,0.851756
COSMOS,r,16.0-16.5,-0.000084,0.003721,1.000000,0.000000,0.200000,0.150000,3.000000,0.000000,0.500000,0.250000,3.000000,0.000000,0.900000,0.350000,3.000000
COSMOS,r,16.5-17.0,-0.000084,0.003721,1.000000,0.000000,0.200000,0.150000,3.000000,0.000000,0.500000,0.250000,3.000000,0.000000,0.900000,0.350000,3.000000
COSMOS,r,17.0-17.5,-0.000084,0.003722,0.854702,0.070677,0.371469,0.001741,6.586607,0.032934,0.885709,0.188373,2.364562,0.041687,1.231578,0.203867,19.962162
COSMOS,r,17.5-18.0,-0.000084,0.003723,0.701356,0.051201,1.023000,0.147569,0.002740,0.000000,0.845486,1.317415,9.646101,0.247443,1.036901,1.879527,19.877363
COSMOS,r,18.0-18.5,-0.000084,0.003724,0.575522,0.026482,0.000000,0.035556,19.695052,0.030235,0.689771,0.106129,20.000000,0.367761,0.752507,1.629394,6.671406
COSMOS,r,18.5-19.0,-0.000084,0.003727,0.472265,0.170007,0.900441,0.294185,0.003685,0.016680,0.575698,0.120394,15.581176,0.341048,1.055229,1.802407,19.999376
COSMOS,r,19.0-19.5,-0.000084,0.003733,0.387534,0.034095,0.543495,0.144398,-6.075581,0.141177,0.578334,0.276516,20.000000,0.437194,0.874660,1.108528,12.984530
COSMOS,r,19.5-20.0,-0.000084,0.003743,0.318005,0.079357,0.501574,0.123154,0.003737,0.311416,1.042061,0.363692,-1.205997,0.291222,0.733310,1.401865,19.985584
COSMOS,r,20.0-20.5,-0.000084,0.003762,0.260950,0.108785,0.362751,0.198969,2.024256,0.445176,0.743187,0.274451,0.000684,0.185089,0.945656,1.723558,19.972848
COSMOS,r,20.5-21.0,-0.000084,0.003796,0.214132,0.187044,0.431520,0.175428,-6.586319,0.442505,0.445570,0.394677,16.041698,0.156319,0.793688,2.000000,19.999651
COSMOS,r,21.0-21.5,-0.000084,0.003859,0.175713,0.465932,0.146640,0.501169,5.838864,0.262364,0.472730,0.336028,1.562391,0.095990,1.495954,1.976701,5.375084
COSMOS,r,21.5-22.0,-0.000084,0.003973,0.144188,0.334641,0.149529,0.198272,2.173089,0.450057,0.417691,0.368196,3.820407,0.071114,1.500000,2.000000,14.454657
COSMOS,r,22.0-22.5,-0.000084,0.004174,0.118318,0.713548,0.094400,0.471402,9.701362,0.137027,0.406942,0.245170,1.326231,0.031107,1.500000,0.832403,12.765109
COSMOS,r,22.5-23.0,-0.000084,0.004523,0.097090,0.329376,0.073519,0.199759,4.743270,0.528598,0.287303,0.327589,2.885950,0.044936,0.648775,0.847713,7.597880
COSMOS,r,23.0-23.5,-0.000084,0.005106,0.079671,0.147936,0.052375,0.084849,2.583120,0.753556,0.154972,0.351279,5.896947,0.018838,1.265706,0.243142,0.149467
COSMOS,r,23.5-24.0,-0.000084,0.006036,0.065377,0.715451,0.039180,0.339822,16.403222,0.173740,0.164681,0.301161,4.168554,0.045432,0.348752,0.687697,18.858070
COSMOS,r,24.0-24.5,-0.000084,0.007455,0.053647,0.021788,0.027416,0.009391,-0.000851,0.915849,0.044773,0.327304,19.560371,0.008715,0.999648,0.396666,4.803857
COSMOS,r,24.5-25.0,-0.000084,0.009537,0.044022,0.876534,0.010359,0.294211,11.605418,0.062038,0.317864,0.111249,3.271041,0.017406,0.501591,0.505250,19.649965
COSMOS,r,25.0-25.5,-0.000084,0.012503,0.036124,0.070606,0.003464,0.019352,-2.273870,0.059431,0.329868,0.060532,1.272526,0.833839,0.000000,0.281717,20.000000
COSMOS,r,25.5-26.0,-0.000084,0.016646,0.029643,0.418616,0.000000,0.074135,1.889552,0.513928,0.284568,0.113845,-0.005479,0.037812,0.517938,0.176398,-0.038899
ECDFS,i,16.0-16.5,0.001509,0.004191,1.000000,0.000000,0.200000,0.150000,3.000000,0.000000,0.500000,0.250000,3.000000,0.000000,0.900000,0.350000,3.000000
ECDFS,i,16.5-17.0,0.001509,0.004191,1.000000,0.000000,0.200000,0.150000,3.000000,0.000000,0.500000,0.250000,3.000000,0.000000,0.900000,0.350000,3.000000
ECDFS,i,17.0-17.5,0.001509,0.004191,0.864376,0.010370,0.011632,0.099930,12.617530,0.111170,0.928139,0.787358,1.530397,0.014084,1.302719,0.027679,19.995298
ECDFS,i,17.5-18.0,0.001509,0.004192,0.662728,0.022457,0.033623,0.024545,-3.999389,0.064268,1.103783,0.346934,-19.998511,0.250547,0.777388,1.223622,20.000000
ECDFS,i,18.0-18.5,0.001509,0.004193,0.508122,0.013363,0.127097,0.070018,-5.480368,0.084221,0.778993,0.181681,20.000000,0.394295,0.526960,1.875956,17.003985
ECDFS,i,18.5-19.0,0.001509,0.004195,0.389583,0.035305,0.000000,0.025912,1.278263,0.126097,0.889258,0.264581,-19.793060,0.449014,0.820091,1.247012,20.000000
ECDFS,i,19.0-19.5,0.001509,0.004199,0.298698,0.130136,0.004294,0.005374,-3.946277,0.301574,0.825792,0.257481,-0.821051,0.269592,0.921225,0.730082,9.014957
ECDFS,i,19.5-20.0,0.001509,0.004206,0.229016,0.168462,0.302887,0.421420,15.380622,0.307704,0.776785,0.323392,0.001907,0.294819,0.646179,1.925044,19.999999
ECDFS,i,20.0-20.5,0.001509,0.004219,0.175589,0.150746,0.427035,0.147578,-2.071774,0.506781,0.443295,0.452142,10.569516,0.166885,0.788221,2.000000,19.999480
ECDFS,i,20.5-21.0,0.001509,0.004244,0.134626,0.439405,0.224603,0.365201,3.139358,0.328317,0.658132,0.327861,0.954826,0.097651,1.499993,2.000000,3.356150
ECDFS,i,21.0-21.5,0.001509,0.004290,0.103220,0.207091,0.303860,0.107213,-0.932987,0.633383,0.368742,0.408651,6.042329,0.056307,1.493856,0.492164,18.516940
ECDFS,i,21.5-22.0,0.001509,0.004376,0.079140,0.347566,0.117348,0.230691,3.282741,0.523103,0.396670,0.331512,2.040430,0.050192,0.735661,1.330341,15.941242
ECDFS,i,22.0-22.5,0.001509,0.004533,0.060677,0.375558,0.102580,0.210823,3.444496,0.536722,0.331613,0.350611,2.654621,0.027043,0.830094,1.006202,18.789059
ECDFS,i,22.5-23.0,0.001509,0.004815,0.046522,0.285824,0.082874,0.126539,2.339970,0.619537,0.241740,0.324892,4.601518,0.048116,0.551039,0.614084,12.926794
ECDFS,i,23.0-23.5,0.001509,0.005303,0.035669,0.114629,0.056278,0.068991,1.731631,0.839345,0.130039,0.364636,7.096743,0.010356,1.366361,0.227392,0.209946
ECDFS,i,23.5-24.0,0.001509,0.006118,0.027348,0.038397,0.015654,0.058460,19.935767,0.926287,0.075268,0.354305,8.862425,0.007969,1.126923,0.306915,2.592725
ECDFS,i,24.0-24.5,0.001509,0.007410,0.020968,0.294856,0.122744,0.058843,-0.005028,0.477593,0.324359,0.116145,-0.009108,0.206583,0.567759,0.193174,-0.020137
ECDFS,i,24.5-25.0,0.001509,0.009369,0.016076,0.527906,0.000000,0.198466,10.382786,0.399873,0.252526,0.192628,1.849212,0.056145,0.656358,0.262913,0.002693
ECDFS,i,25.0-25.5,0.001509,0.012231,0.012326,0.398930,0.000000,0.104560,4.312425,0.530352,0.331831,0.117335,0.010283,0.058392,0.541492,0.178995,-0.030723
ECDFS,i,25.5-26.0,0.001509,0.016304,0.009450,0.365703,0.000000,0.016523,0.080737,0.416908,0.000000,0.144993,5.458377,0.207938,0.274001,0.122585,1.331068
COSMOS,i,16.0-16.5,0.001023,0.003946,1.000000,0.000000,0.200000,0.150000,3.000000,0.000000,0.500000,0.250000,3.000000,0.000000,0.900000,0.350000,3.000000
COSMOS,i,16.5-17.0,0.001023,0.003946,1.000000,0.000000,0.200000,0.150000,3.000000,0.000000,0.500000,0.250000,3.000000,0.000000,0.900000,0.350000,3.000000
COSMOS,i,17.0-17.5,0.001023,0.003946,0.838429,0.026197,0.015934,0.010832,20.000000,0.007492,0.090944,0.019546,-19.999995,0.127882,0.941664,0.755152,12.209782
COSMOS,i,17.5-18.0,0.001023,0.003946,0.664346,0.023207,0.014901,0.034344,12.563173,0.190249,1.301609,1.728224,2.407463,0.122198,0.779334,0.580198,19.001206
COSMOS,i,18.0-18.5,0.001023,0.003946,0.526407,0.014185,0.012559,0.010968,13.158836,0.289490,0.668986,1.000899,6.201233,0.169917,1.315474,0.967802,13.260491
COSMOS,i,18.5-19.0,0.001023,0.003947,0.417109,0.019220,0.569985,0.095935,-4.224328,0.104663,0.908182,0.176281,-19.858063,0.459008,0.904802,1.149207,19.959409
COSMOS,i,19.0-19.5,0.001023,0.003947,0.330505,0.258401,0.800048,0.298415,0.002471,0.088707,0.519173,0.338178,5.789124,0.322388,1.027092,1.243928,19.999346
COSMOS,i,19.5-20.0,0.001023,0.003948,0.261882,0.170136,0.787187,0.375680,0.004836,0.314730,0.401622,0.485897,6.730855,0.253252,0.768364,2.000000,19.956659
COSMOS,i,20.0-20.5,0.001023,0.003951,0.207507,0.069985,0.275209,0.214086,2.672170,0.532303,0.515379,0.401226,1.272641,0.190204,0.985279,1.788357,19.999908
COSMOS,i,20.5-21.0,0.001023,0.003956,0.164422,0.401425,0.217516,0.432180,3.268323,0.320649,0.744930,0.294358,0.506012,0.113504,1.500000,1.999926,3.937617
COSMOS,i,21.0-21.5,0.001023,0.003967,0.130283,0.524312,0.165743,0.462119,5.453613,0.270165,0.544809,0.381041,1.782825,0.075240,1.500000,0.784677,19.904437
COSMOS,i,21.5-22.0,0.001023,0.003992,0.103232,0.304428,0.145283,0.222502,2.874069,0.538137,0.407977,0.384384,2.605223,0.054203,1.438439,1.818132,18.476355
COSMOS,i,22.0-22.5,0.001023,0.004046,0.081798,0.257475,0.101492,0.184356,3.278717,0.628445,0.315483,0.387643,3.221681,0.032282,1.471417,1.010655,6.764819
COSMOS,i,22.5-23.0,0.001023,0.004164,0.064814,0.792858,0.079204,0.451795,10.617870,0.130683,0.300027,0.318211,2.867694,0.011644,1.299522,0.438180,1.572411
COSMOS,i,23.0-23.5,0.001023,0.004414,0.051357,0.127107,0.054226,0.080907,2.471167,0.812908,0.150210,0.383988,6.675817,0.008627,1.362121,0.164640,0.369449
COSMOS,i,23.5-24.0,0.001023,0.004921,0.040694,0.009891,0.021338,0.005843,-0.010084,0.022904,0.048225,0.016011,-0.023417,0.926511,0.072446,0.385435,13.898020
COSMOS,i,24.0-24.5,0.001023,0.005889,0.032244,0.829664,0.027656,0.360509,13.683443,0.124645,0.250044,0.222467,1.714151,0.013447,1.019305,0.934077,17.230206
COSMOS,i,24.5-25.0,0.001023,0.007603,0.025550,0.828238,0.000000,0.339709,20.000000,0.135221,0.488668,0.160029,-1.877861,0.010991,0.564012,0.530241,18.300266
COSMOS,i,25.0-25.5,0.001023,0.010438,0.020245,0.122940,0.000000,0.010789,-0.229453,0.121031,0.383080,0.071406,0.708941,0.735785,0.000000,0.304820,17.621039
COSMOS,i,25.5-26.0,0.001023,0.014900,0.016041,0.324607,0.003026,0.015939,-0.012505,0.251670,0.093188,0.052031,-0.008063,0.407683,0.324786,0.127011,-0.007472
ECDFS,z,16.0-16.5,0.000285,0.003851,1.000000,0.000000,0.200000,0.150000,3.000000,0.000000,0.500000,0.250000,3.000000,0.000000,0.900000,0.350000,3.000000
ECDFS,z,16.5-17.0,0.000285,0.003853,1.000000,0.000000,0.200000,0.150000,3.000000,0.000000,0.500000,0.250000,3.000000,0.000000,0.900000,0.350000,3.000000
ECDFS,z,17.0-17.5,0.000285,0.003856,0.855695,0.019808,0.050805,0.050708,0.001850,0.056896,0.725468,0.670698,9.806760,0.067602,1.300090,0.531943,0.059356
ECDFS,z,17.5-18.0,0.000285,0.003862,0.647717,0.130849,0.017338,0.002154,6.785192,0.121713,1.130291,0.274314,-3.039400,0.099721,1.132029,0.591223,19.878312
ECDFS,z,18.0-18.5,0.000285,0.003872,0.490289,0.014060,0.000000,0.121096,3.700305,0.069867,0.962408,0.174126,-7.899195,0.425785,0.503981,1.786715,19.999996
ECDFS,z,18.5-19.0,0.000285,0.003892,0.371123,0.203038,0.002155,0.004981,-20.000000,0.378159,0.536716,0.468245,2.600223,0.047679,1.046674,0.176636,20.000000
ECDFS,z,19.0-19.5,0.000285,0.003927,0.280921,0.018289,0.323967,0.094002,19.996504,0.394661,0.582308,0.286065,0.988099,0.306129,0.986698,1.077620,19.999696
ECDFS,z,19.5-20.0,0.000285,0.003990,0.212643,0.110805,0.539976,0.225501,-5.688588,0.536848,0.512049,0.458075,2.295823,0.139705,1.499993,2.000000,3.227313
ECDFS,z,20.0-20.5,0.000285,0.004103,0.160960,0.186042,0.418945,0.150928,-1.597536,0.529693,0.456526,0.449426,8.516879,0.123306,0.757610,2.000000,19.937408
ECDFS,z,20.5-21.0,0.000285,0.004301,0.121838,0.539714,0.208584,0.379249,3.251776,0.115119,0.417463,1.748275,20.000000,0.223328,0.811942,0.244380,0.012967
ECDFS,z,21.0-21.5,0.000285,0.004640,0.092225,0.192069,0.162624,0.112952,0.921516,0.685137,0.334792,0.402602,3.497818,0.030569,1.486544,0.391432,19.999764
ECDFS,z,21.5-22.0,0.000285,0.005201,0.069810,0.593453,0.092927,0.383682,7.132965,0.298418,0.420423,0.310240,1.745923,0.038319,0.802254,0.869271,19.842265
ECDFS,z,22.0-22.5,0.000285,0.006093,0.052843,0.204081,0.082079,0.117542,2.248942,0.691020,0.224740,0.354053,4.688838,0.052057,0.482131,0.744300,19.767961
ECDFS,z,22.5-23.0,0.000285,0.007448,0.039999,0.707037,0.066442,0.341247,8.899095,0.249297,0.311885,0.378860,3.114344,0.003667,1.327925,0.084048,1.043667
ECDFS,z,23.0-23.5,0.000285,0.009430,0.030277,0.129817,0.066833,0.046532,0.791386,0.804509,0.126584,0.353144,11.557213,0.035397,0.347929,0.868180,19.889940
ECDFS,z,23.5-24.0,0.000285,0.012243,0.022918,0.281832,0.127137,0.062078,-0.005540,0.458838,0.340963,0.124595,-0.009500,0.236411,0.589097,0.202360,-0.017665
ECDFS,z,24.0-24.5,0.000285,0.016156,0.017348,0.770060,0.000000,0.315159,12.179140,0.121803,0.335521,0.132859,2.436870,0.090789,0.122334,0.487212,20.000000
ECDFS,z,24.5-25.0,0.000285,0.021530,0.013132,0.383615,0.000000,0.088961,2.350526,0.523572,0.318116,0.129411,-0.004174,0.079681,0.591683,0.218444,-0.021330
ECDFS,z,25.0-25.5,0.000285,0.028857,0.009940,0.235663,0.020203,0.037531,-0.824316,0.229217,0.065289,0.056204,-0.020802,0.525180,0.131059,0.249071,2.586342
ECDFS,z,25.5-26.0,0.000285,0.038802,0.007524,0.372357,0.000000,0.052825,0.249991,0.612171,0.007159,0.311184,3.926689,0.007948,0.832384,0.325121,5.199761
COSMOS,z,16.0-16.5,0.001764,0.003174,1.000000,0.000000,0.200000,0.150000,3.000000,0.000000,0.500000,0.250000,3.000000,0.000000,0.900000,0.350000,3.000000
COSMOS,z,16.5-17.0,0.001764,0.003175,1.000000,0.000000,0.200000,0.150000,3.000000,0.000000,0.500000,0.250000,3.000000,0.000000,0.900000,0.350000,3.000000
COSMOS,z,17.0-17.5,0.001764,0.003176,0.793350,0.033566,0.025882,0.025079,-0.003517,0.053018,1.156860,0.259508,-10.180087,0.120066,1.066855,1.019443,19.957975
COSMOS,z,17.5-18.0,0.001764,0.003177,0.628263,0.326571,1.499990,0.695565,0.393441,0.025812,0.773246,0.074270,19.518557,0.019354,0.523420,0.424062,19.000403
COSMOS,z,18.0-18.5,0.001764,0.003180,0.497529,0.010462,0.000000,0.090031,9.219860,0.202061,0.829075,0.248857,0.340783,0.289948,1.165717,0.958851,19.999999
COSMOS,z,18.5-19.0,0.001764,0.003187,0.393999,0.029889,0.008537,0.013637,-0.002177,0.275115,0.911314,0.276869,-1.179378,0.300998,1.021564,1.320835,19.999942
COSMOS,z,19.0-19.5,0.001764,0.003199,0.312012,0.101011,0.503263,0.121905,-0.002576,0.346730,0.804769,0.273559,0.000852,0.240246,0.896756,2.000000,19.954262
COSMOS,z,19.5-20.0,0.001764,0.003224,0.247086,0.020949,0.310958,0.065385,5.259157,0.545254,0.395062,0.401434,1.964306,0.186710,0.924357,2.000000,19.999155
COSMOS,z,20.0-20.5,0.001764,0.003275,0.195670,0.328855,0.183399,0.380842,3.716655,0.310721,0.550130,0.293341,0.901753,0.164754,0.839655,1.198860,19.982490
COSMOS,z,20.5-21.0,0.001764,0.003376,0.154954,0.510978,0.146688,0.439474,4.805506,0.264213,0.507829,0.356616,1.472138,0.069856,1.480822,0.559855,19.444810
COSMOS,z,21.0-21.5,0.001764,0.003570,0.122710,0.361471,0.139515,0.204687,2.498406,0.449511,0.412268,0.331461,2.893756,0.066308,0.781199,1.576006,19.959558
COSMOS,z,21.5-22.0,0.001764,0.003934,0.097175,0.722615,0.089988,0.437088,8.441437,0.152211,0.381720,0.252304,1.639398,0.027999,1.155425,1.720872,17.847283
COSMOS,z,22.0-22.5,0.001764,0.004584,0.076954,0.336584,0.068619,0.185258,4.546766,0.548790,0.266977,0.322639,3.154011,0.037672,0.540823,0.775629,18.891806
COSMOS,z,22.5-23.0,0.001764,0.005675,0.060941,0.029124,0.012619,0.038024,15.988050,0.803963,0.072442,0.347484,12.703414,0.105972,0.271320,0.505007,19.225065
COSMOS,z,23.0-23.5,0.001764,0.007406,0.048260,0.035325,0.015291,0.034689,17.501741,0.906753,0.061470,0.362252,17.014654,0.009662,1.049258,0.427143,10.631565
COSMOS,z,23.5-24.0,0.001764,0.010034,0.038218,0.289017,0.112822,0.053942,-0.007155,0.415156,0.303637,0.111154,-0.014368,0.257610,0.534152,0.183225,-0.022485
COSMOS,z,24.0-24.5,0.001764,0.013907,0.030265,0.741849,0.000000,0.270458,11.814629,0.111128,0.324458,0.158210,5.298225,0.116758,0.070324,0.478148,19.999998
COSMOS,z,24.5-25.0,0.001764,0.019521,0.023967,0.342742,0.059561,0.048811,-0.002561,0.541826,0.288327,0.120280,-0.005946,0.091465,0.536204,0.188742,-0.043183
COSMOS,z,25.0-25.5,0.001764,0.027583,0.018980,0.233972,0.000000,0.034023,0.411129,0.062008,0.331832,0.065542,0.812481,0.685040,0.000000,0.274088,6.499597
COSMOS,z,25.5-26.0,0.001764,0.039105,0.015030,0.420888,0.000000,0.050919,0.484783,0.557048,0.057261,0.251720,2.891311,0.007034,0.719754,0.303189,17.824691
ECDFS,y,16.0-16.5,0.001879,0.024535,1.000000,0.000000,0.200000,0.150000,3.000000,0.000000,0.500000,0.250000,3.000000,0.000000,0.900000,0.350000,3.000000
ECDFS,y,16.5-17.0,0.001879,0.024535,0.890905,0.012044,0.243261,0.219235,3.658471,0.015609,0.735945,0.111629,15.319464,0.081443,1.067283,0.354225,1.787678
ECDFS,y,17.0-17.5,0.001879,0.024535,0.685145,0.059653,0.816535,0.173770,0.014203,0.003121,0.319719,0.997404,11.696992,0.252081,0.851584,1.608667,19.719944
ECDFS,y,17.5-18.0,0.001879,0.024535,0.526906,0.142149,0.482829,0.618625,4.657794,0.075975,0.714345,0.234261,19.976089,0.254971,1.500000,2.000000,4.752981
ECDFS,y,18.0-18.5,0.001879,0.024535,0.405213,0.095434,0.349386,0.415708,4.395910,0.179523,0.597310,0.326197,5.202705,0.319829,1.204872,1.367670,19.991105
ECDFS,y,18.5-19.0,0.001879,0.024535,0.311627,0.166141,0.365368,0.283770,2.544078,0.200939,0.806198,0.184317,0.010590,0.321293,0.929794,1.944332,19.866858
ECDFS,y,19.0-19.5,0.001879,0.024535,0.239654,0.130319,0.182184,0.455590,9.720142,0.317523,0.379024,0.388827,3.943204,0.312504,0.763910,1.296623,19.241742
ECDFS,y,19.5-20.0,0.001879,0.024535,0.184305,0.059949,0.121596,0.143905,5.331026,0.558687,0.313909,0.455839,5.384216,0.197060,0.625287,2.000000,19.727495
ECDFS,y,20.0-20.5,0.001879,0.024535,0.141738,0.325935,0.108630,0.499967,19.412971,0.421283,0.266905,0.453014,5.782802,0.111044,0.783270,1.999999,19.874192
ECDFS,y,20.5-21.0,0.001879,0.024535,0.109003,0.055224,0.085554,0.068535,3.489327,0.761854,0.172156,0.492498,11.044878,0.073919,0.444913,1.988688,14.957648
ECDFS,y,21.0-21.5,0.001879,0.024535,0.083828,0.659249,0.076792,0.444969,19.999995,0.200955,0.342446,0.413812,3.556974,0.055968,0.807864,1.173124,17.886264
ECDFS,y,21.5-22.0,0.001879,0.024535,0.064467,0.408472,0.062968,0.227618,7.008788,0.455017,0.284268,0.378311,3.844601,0.072044,0.460809,0.814604,18.668371
ECDFS,y,22.0-22.5,0.001879,0.024537,0.049578,0.068029,0.142691,0.053230,-0.006851,0.227747,0.217846,0.244576,3.214019,0.654646,0.042819,0.491102,19.997223
ECDFS,y,22.5-23.0,0.001879,0.024549,0.038128,0.073908,0.098999,0.045403,-0.005746,0.574585,0.110647,0.287609,2.877441,0.313379,0.039961,0.528705,19.994627
ECDFS,y,23.0-23.5,0.001879,0.024677,0.029322,0.320323,0.090427,0.075363,-0.004608,0.506931,0.307983,0.145656,-0.004530,0.143424,0.610897,0.262049,-0.013765
ECDFS,y,23.5-24.0,0.001879,0.025915,0.022550,0.407675,0.082827,0.093325,-0.007510,0.467524,0.286598,0.162018,-0.004194,0.102251,0.606849,0.300520,-0.011612
ECDFS,y,24.0-24.5,0.001879,0.036031,0.017342,0.248001,0.043275,0.104500,-0.006534,0.586332,0.000000,0.283000,2.059853,0.148325,0.000000,0.607571,3.116655
ECDFS,y,24.5-25.0,0.001879,0.086976,0.013337,0.328979,0.077455,0.163053,-0.652346,0.431401,0.166061,0.226375,-0.001570,0.226284,0.000000,0.618540,4.822045
ECDFS,y,25.0-25.5,0.001879,0.265011,0.010256,0.745375,0.030801,0.231105,-0.050974,0.174432,0.475291,0.202800,0.136191,0.069936,0.756855,0.469946,8.921739
ECDFS,y,25.5-26.0,0.001879,0.834800,0.007888,0.607767,0.000000,0.296924,-0.385591,0.330762,0.459637,0.385536,-0.055733,0.053584,1.229498,0.237746,0.009874
COSMOS,y,16.0-16.5,0.008252,0.002989,1.000000,0.000000,0.200000,0.150000,3.000000,0.000000,0.500000,0.250000,3.000000,0.000000,0.900000,0.350000,3.000000
COSMOS,y,16.5-17.0,0.008252,0.003013,0.983963,0.006862,0.023875,0.001000,-1.692360,0.000894,1.495934,0.002782,9.845514,0.008280,0.913014,0.155272,18.987291
COSMOS,y,17.0-17.5,0.008252,0.003054,0.774242,0.040336,0.000000,0.030660,2.330217,0.067092,0.715388,0.257495,2.054247,0.118330,1.023002,0.914611,19.998708
COSMOS,y,17.5-18.0,0.008252,0.003126,0.609221,0.023814,0.000000,0.040342,1.992915,0.091032,0.941321,0.245194,-1.503934,0.275932,1.017803,1.317354,19.999748
COSMOS,y,18.0-18.5,0.008252,0.003252,0.479373,0.033692,0.014540,0.012013,-0.001871,0.243597,0.564498,0.349129,1.918009,0.243338,1.045287,1.071221,19.993667
COSMOS,y,18.5-19.0,0.008252,0.003465,0.377200,0.184411,0.966563,0.404064,-1.621307,0.144226,0.429454,0.320341,2.787942,0.294163,0.857352,1.534744,19.999960
COSMOS,y,19.0-19.5,0.008252,0.003817,0.296804,0.182073,0.670977,0.280486,0.009501,0.277314,0.361415,0.348124,3.569917,0.243809,0.868611,1.214731,13.353875
COSMOS,y,19.5-20.0,0.008252,0.004376,0.233543,0.254397,0.245946,0.311078,3.382771,0.360467,0.586817,0.313213,0.794274,0.151593,0.995690,1.197706,12.371582
COSMOS,y,20.0-20.5,0.008252,0.005230,0.183766,0.571407,0.180688,0.461045,4.720099,0.177512,0.485807,0.384451,2.027922,0.067314,1.374605,1.580638,19.915447
COSMOS,y,20.5-21.0,0.008252,0.006482,0.144599,0.238376,0.129050,0.177825,2.315015,0.560646,0.340847,0.383842,2.985299,0.056380,1.244021,2.000000,19.904401
COSMOS,y,21.0-21.5,0.008252,0.008261,0.113779,0.613026,0.094663,0.406246,8.852840,0.199519,0.331339,0.327487,2.547471,0.073675,0.520106,1.109186,18.642036
COSMOS,y,21.5-22.0,0.008252,0.010731,0.089528,0.240399,0.072633,0.147231,4.447358,0.641229,0.249028,0.358239,3.932654,0.028844,1.139148,0.636408,4.402694
COSMOS,y,22.0-22.5,0.008252,0.014110,0.070446,0.661025,0.061204,0.324617,11.287866,0.247696,0.319252,0.371328,3.674454,0.020832,1.262325,0.325526,0.288161
COSMOS,y,22.5-23.0,0.008252,0.018687,0.055432,0.060843,0.035700,0.043404,2.288488,0.806660,0.085231,0.336730,12.081877,0.077066,0.318572,0.598747,19.864740
COSMOS,y,23.0-23.5,0.008252,0.024854,0.043617,0.714512,0.044849,0.257041,8.400595,0.200257,0.315790,0.285433,6.581892,0.041614,0.006308,0.986679,10.396795
COSMOS,y,23.5-24.0,0.008252,0.033137,0.034320,0.322622,0.095524,0.063918,-0.003984,0.501186,0.303520,0.127513,-0.005641,0.141872,0.544588,0.211800,-0.016477
COSMOS,y,24.0-24.5,0.008252,0.044240,0.027005,0.371133,0.000000,0.107694,1.912091,0.453731,0.172513,0.193682,1.363173,0.148131,0.000000,0.469879,5.817713
COSMOS,y,24.5-25.0,0.008252,0.059110,0.021250,0.220976,0.000000,0.079868,0.798440,0.673694,0.013148,0.264929,2.485865,0.084080,0.000000,0.531444,8.451572
COSMOS,y,25.0-25.5,0.008252,0.079012,0.016720,0.295974,0.035157,0.093587,-0.003634,0.544662,0.000000,0.267335,1.652865,0.142643,0.000000,0.553945,3.875415
COSMOS,y,25.5-26.0,0.008252,0.105640,0.013157,0.336575,0.008083,0.133669,-0.015390,0.429601,0.151246,0.238638,-0.000158,0.220668,0.000000,0.588223,7.453593
