obj_num,RA,DEC,objectId,refBand,refExtendedness,detect_fromBlend,detect_isIsolated,parentObjectId,u_cModelMag,u_psfMag,u_psf_minus_cModel,u_extendedness,u_blendedness,g_cModelMag,g_psfMag,g_psf_minus_cModel,g_extendedness,g_blendedness,r_cModelMag,r_psfMag,r_psf_minus_cModel,r_extendedness,r_blendedness,i_cModelMag,i_psfMag,i_psf_minus_cModel,i_extendedness,i_blendedness,z_cModelMag,z_psfMag,z_psf_minus_cModel,z_extendedness,z_blendedness,y_cModelMag,y_psfMag,y_psf_minus_cModel,y_extendedness,y_blendedness,hst_id,hst_label,hst_sep_arcsec,hst_acs_mu_class,hst_flag_combined
1,149.98485967327252,2.217304937182979,788013523996276729,i,1.0,True,False,788013523996249649,22.134353617225972,23.038645879929337,0.9042922627033647,1.0,-7.538936138153076,21.23852748352369,22.272739865647463,1.0342123821237728,1.0,-47.14982986450195,20.838110850067878,21.801445214009505,0.9633343639416267,1.0,-39.43045425415039,20.61565605478672,21.70693421916649,1.0912781643797729,1.0,-34.49033737182617,20.563750174541035,21.53527477015315,0.9715245956121166,1.0,-15.290952682495117,20.51393256982707,21.472635814387615,0.9587032445605459,1.0,-5.434725761413574,139878,0,0.026396160874480473,2,0
2,149.87776931318763,2.5194233684297895,788014967105286505,i,1.0,True,False,788014967105260579,22.066666559267308,22.754893752472483,0.6882271932051758,1.0,-11.200515747070312,21.364533156815405,22.109136609703118,0.7446034528877128,1.0,-62.343162536621094,21.03752900768672,21.77672932084028,0.7392003131535567,1.0,-44.7568244934082,20.74729852848132,21.63912121461346,0.8918226861321408,1.0,-30.57335090637207,20.6637893328728,21.529904220084344,0.8661148872115447,,-15.75859260559082,20.63649959748091,21.462816020246116,0.8263164227652062,,-4.712686061859131,595060,0,0.09718013178126439,2,0
3,149.55111240770648,2.641622605793628,788015791739003960,i,1.0,True,False,788015791738980361,23.547618002145548,23.980684198261756,0.4330661961162079,,-2.4850311279296875,22.542556967012892,23.226176668028945,0.6836197010160525,,-15.508882522583008,21.59272927275506,22.230312629637258,0.637583356882196,1.0,-29.844587326049805,20.929043543690373,21.65266191484306,0.7236183711526856,1.0,-36.849281311035156,20.606624921957597,21.27358325739575,0.666958335438153,1.0,-21.461896896362305,20.432548921725914,21.074843747324383,0.6422948255984693,1.0,-7.326664447784424,182451,0,0.10152191271538395,2,0
4,149.7028340508988,2.682793924659657,788015723019531837,i,1.0,True,False,788015723019504767,24.568902582434866,25.084185335535395,0.5152827531005286,1.0,-0.8839007616043091,22.45015358371694,22.996350212236642,0.5461966285197022,1.0,-26.24333381652832,21.278648371322593,21.854973600943502,0.5763252296209096,1.0,-47.654197692871094,20.715298959828345,21.373294198114404,0.657995238286059,1.0,-49.17646026611328,20.451618008619832,21.094130264432035,0.6425122558122034,1.0,-27.990549087524414,20.315466072261678,20.925145289811457,0.6096792175497789,1.0,-10.673144340515137,474539,0,0.13297280899111324,2,0
5,149.55241107918567,2.590757209831191,788015791739001246,i,1.0,True,False,788015791738979091,23.633137356483495,24.12586936451404,0.4927320080305435,1.0,-1.8973541259765625,22.537877305620796,23.082069416362387,0.5441921107415908,1.0,-22.199525833129883,21.649379233355116,22.181962320356643,0.5325830870015267,1.0,-35.501869201660156,21.1914706665423,21.803057537295224,0.6115868707529231,1.0,-39.64409637451172,20.947981083292646,21.523464350554747,0.5754832672621006,1.0,-17.00840950012207,20.507623773216423,21.05951568722824,0.5518919140118186,1.0,-7.47147798538208,633914,0,0.009699555226118083,2,0
6,150.18129879788566,1.724555624740534,788011393692500378,i,1.0,True,False,788011393692471388,22.69237806244927,23.10336514374283,0.41098708129356254,1.0,-14.3518705368042,21.736671373678043,22.222983315431858,0.4863119417538151,1.0,-76.72869873046875,21.22446650753753,21.728719308276595,0.5042528007390636,1.0,-71.40512084960938,20.908184934017456,21.541270110632983,0.633085176615527,1.0,-43.23217010498047,20.79353700903394,21.38481205363062,0.5912750445966779,,-22.610326766967773,20.748711939402703,21.30686856079791,0.5581566213952058,,-7.597686767578125,268910,0,0.11728420043082792,2,0
7,149.8367730432884,1.7431784790502698,788012218326211332,i,1.0,True,False,788012218326188492,24.264822013294364,24.63292338816969,0.36810137487532657,1.0,-1.5309957265853882,21.76838677533908,22.17919827243593,0.41081149709684794,1.0,-59.6515998840332,20.49325597840996,20.90114695191997,0.40789097351001047,1.0,-132.99462890625,19.611161851932863,20.070579955471096,0.4594181035382334,1.0,-175.2994384765625,19.217640815853237,19.657779893704895,0.44013907785165785,1.0,-127.5455322265625,19.03664392886946,19.482884095991658,0.4462401671221983,1.0,-38.73270034790039,307325,0,0.09962618586574108,2,1
8,149.76419360890304,2.3219057560344547,788014279910518296,i,1.0,True,False,788014279910492541,23.100448323772405,23.454257619074237,0.3538092953018328,,-5.1427412033081055,22.43063361721235,22.823079647677403,0.39244603046505233,1.0,-28.53165626525879,21.780605553201518,22.154291469179146,0.373685915977628,1.0,-36.151634216308594,21.516880240183674,21.975877897171348,0.45899765698767325,1.0,-37.0759391784668,21.47561459239804,21.854653549578877,0.379038957180839,1.0,-15.103641510009766,21.293428282337356,21.658720450194778,0.36529216785742236,1.0,-5.457242012023926,418615,0,0.14672161297536318,2,0
9,150.54695454695727,2.158465795925565,788013317837843672,i,1.0,True,False,788013317837818189,23.344391577538687,23.702791220044404,0.35839964250571654,,-3.9500467777252197,22.0291261509697,22.385571823859074,0.35644567288937523,1.0,-43.646026611328125,21.076669174923374,21.395464767404874,0.3187955924815,1.0,-81.65570831298828,20.545253159432384,20.917081257073917,0.3718280976415329,1.0,-99.76423645019531,20.28280213417648,20.617111192119445,0.3343090579429635,1.0,-52.376686096191406,20.117595093478297,20.424331271871324,0.30673617839302736,1.0,-18.69404411315918,583165,0,0.018057856053141686,2,0
10,150.47948552945718,2.650157958711128,788015379422144837,i,1.0,True,False,788015379422120156,23.12535638390873,23.37736622283366,0.25200983892493056,0.0,-7.337337017059326,22.272230347387925,22.564638002927452,0.2924076555395274,1.0,-48.796390533447266,21.87373564063611,22.16910530338618,0.29536966275006904,1.0,-48.03240203857422,21.573419509604296,21.956634665538438,0.3832151559341419,1.0,-33.213680267333984,21.38794572509969,21.778733333649168,0.39078760854947703,,-16.10331153869629,21.266459928878266,21.581923317104454,0.31546338822618836,,-5.301170349121094,277480,0,0.08453468947571839,2,0
11,149.90561979345375,2.0845874500208685,788013592715746748,i,1.0,True,False,788013592715723491,21.844159120708774,22.07403607499537,0.2298769542865955,1.0,-26.576181411743164,21.603086342968894,21.968377004328005,0.36529066135911137,1.0,-77.14852905273438,21.886219398074175,22.17715454525269,0.29093514717851576,1.0,-38.500675201416016,21.9783709698779,22.368948319490137,0.39057734961223645,1.0,-22.159460067749023,22.33393315996091,22.66532026460197,0.3313871046410597,1.0,-6.667322158813477,22.2663162447054,22.70305911506087,0.4367428703554701,,-1.5576037168502808,507737,0,0.04100247568054821,2,0
12,149.71755636495152,1.6048959403892,788011599850922091,i,1.0,True,False,788011599850898591,24.88613472618665,25.14107133678958,0.25493661060292894,,-0.7719383835792542,22.87975871837721,23.169139198371262,0.28938047999405114,1.0,-21.348003387451172,21.476049150440303,21.75072307668335,0.27467392624304665,1.0,-54.567935943603516,20.071323539159714,20.38466906936797,0.31334553020825595,1.0,-167.5210418701172,19.417474266304204,19.68849209347464,0.27101782717043577,1.0,-119.9934310913086,19.0952588474266,19.375458154593694,0.28019930716709496,1.0,-64.22077941894531,491393,0,0.05911704580304654,2,0
13,149.7555598813067,1.7578136434581282,788012218326211883,i,1.0,True,False,788012218326188742,23.898859727737086,24.142304936402553,0.2434452086654666,,-3.0993731021881104,22.68467525963292,22.939506211691317,0.2548309520583949,,-25.43968963623047,21.98978790156899,22.209203341336305,0.2194154397673138,1.0,-36.01482009887695,21.703742215469,21.935145763068622,0.23140354759962278,1.0,-40.774497985839844,21.567384645708053,21.769333195315674,0.20194854960762143,1.0,-16.981172561645508,21.429999190295177,21.646373087649632,0.21637389735445467,1.0,-6.7282562255859375,689792,0,0.07414587216596778,2,0
14,149.9708983145682,1.6300444117823865,788011462411969794,i,1.0,True,False,788011462411945584,25.512568104689166,25.742377746481477,0.22980964179231123,,-0.08946898579597473,23.223193901455907,23.450054882988034,0.22686098153212697,1.0,-18.222339630126953,21.989178141428226,22.20593673270031,0.2167585912720824,1.0,-37.29526138305664,20.82503927206134,21.09318230790255,0.26814303584120935,1.0,-83.94520568847656,20.308681993935075,20.5507110640568,0.24202907012172403,1.0,-54.153167724609375,20.06950407633603,20.30307484982478,0.23357077348875066,1.0,-20.77299690246582,42035,0,0.03587691892123321,2,1
15,150.17790561740873,2.458231171928395,788014829666328985,i,1.0,True,False,788014829666305698,23.503631372272313,23.677590832722792,0.1739594604504795,,-5.63010311126709,22.803293748353152,23.012976031739854,0.20968228338670158,1.0,-25.449268341064453,21.83659169996691,22.029825149573533,0.19323344960662325,1.0,-44.70567321777344,20.913852838632415,21.11200102166236,0.19814818302994297,1.0,-87.30789947509766,20.47339928097356,20.634552939849616,0.16115365887605648,1.0,-53.897518157958984,20.203830931654927,20.387923055361238,0.18409212370631067,1.0,-19.532791137695312,879150,0,0.028025357282782933,2,0
16,150.07821986101305,1.8303895102721843,788012149606741403,i,1.0,True,False,788012149606714079,24.36995571820071,24.508230321354354,0.13827460315364348,1.0,-1.5748852491378784,21.833707769220208,22.017040268532796,0.18333249931258777,1.0,-62.51882553100586,20.643634421581254,20.804615964541348,0.16098154296009426,1.0,-130.19467163085938,19.354349543834374,19.5668118085635,0.2124622647291261,1.0,-447.953857421875,18.77088587709148,18.942065053294947,0.17117917620346645,1.0,-320.53515625,18.504153147584198,18.679266200975135,0.17511305339093752,1.0,-104.04475402832031,455883,0,0.028197553145948785,2,0
17,149.62419924722448,2.1806511425388035,788013661435228454,i,1.0,True,False,788013661435202478,23.08458104392222,23.220130305976657,0.13554926205443607,1.0,-8.001202583312988,22.48916403055187,22.66636380757067,0.1771997770187994,1.0,-47.48740005493164,21.76592637279773,21.9158247793192,0.14989840652146924,1.0,-47.21894454956055,21.677500247732205,21.897100101627696,0.21959985389549175,1.0,-48.29010772705078,21.26652762426466,21.46087095040022,0.19434332613555938,1.0,-24.695743560791016,20.90640808455766,21.100008284668302,0.19360020011064094,1.0,-9.25768756866455,774634,0,0.02711876425304129,2,1
18,149.5186489114609,1.609682245367745,788011668570400676,i,1.0,True,False,788011668570375553,23.585909125032128,23.68941147065518,0.1035023456230526,,-5.739501476287842,22.70675463593674,22.844372840418444,0.13761820448170425,1.0,-29.32513999938965,21.994791945307533,22.100475771545085,0.10568382623755213,1.0,-42.209739685058594,21.601373391562,21.738734319826154,0.13736092826415458,1.0,-47.44752883911133,21.410326334908323,21.52986956418943,0.11954322928110628,1.0,-24.50772476196289,21.287577825533035,21.422715594171624,0.1351377686385895,1.0,-8.692977905273438,632264,0,0.03311879651066749,2,0
19,149.79041969285743,2.8636581106773242,788016341494821155,i,1.0,True,False,788016341494795610,24.784768004474167,24.859830795945683,0.07506279147151673,1.0,-0.5668718814849854,22.204780991099522,22.309093738606208,0.10431274750668607,1.0,-56.636390686035156,20.9228616422376,21.02816387989986,0.10530223766226143,1.0,-152.31300354003906,20.025059022270952,20.151324317068003,0.12626529479705084,1.0,-170.2041473388672,19.616047662153974,19.72294351611945,0.10689585396547585,1.0,-103.3998031616211,19.411964172157056,19.53461226386578,0.12264809170872581,1.0,-47.208614349365234,859058,0,0.11400586496469398,2,1
20,150.06047474118571,2.6676502278363414,788015585580577119,i,1.0,True,False,788015585580550856,23.01920258079284,23.071938047448167,0.05273546665532791,1.0,-9.516850471496582,22.102757300396163,22.21025131217398,0.10749401177781692,1.0,-82.3368148803711,21.677238171632496,21.780453212262376,0.1032150406298804,1.0,-81.08260345458984,21.50807199007719,21.639445365111875,0.13137337503468416,1.0,-70.92967224121094,21.4481666324488,21.55837380342238,0.11020717097358101,1.0,-28.422893524169922,21.396172430582055,21.498318693969352,0.10214626338729715,1.0,-5.213735103607178,633276,0,0.025697391599386346,2,0
21,150.09453296973143,2.702865885507923,788015516861102869,i,1.0,True,False,788015516861074816,22.066924329873324,22.10791861473945,0.04099428486612666,1.0,-28.065223693847656,21.77578872458287,21.84372081215082,0.0679320875679501,1.0,-83.75030517578125,21.67143595974416,21.7601204006307,0.08868444088654215,1.0,-56.586647033691406,21.58497962249356,21.70701932717869,0.12203970468512892,1.0,-52.379241943359375,21.563661901857422,21.661899682028157,0.09823778017073437,1.0,-18.111652374267578,21.563910090861206,21.648815738356067,0.0849056474948604,1.0,-4.683450698852539,774859,0,0.04959416709617391,2,0
22,149.90343748834556,2.818248863553604,788016341494818899,i,1.0,True,False,788016341494794656,23.320774629984474,23.381203596183607,0.06042896619913307,,-6.5257039070129395,21.88023754807559,21.964745828912434,0.08450828083684314,1.0,-95.77716064453125,20.70264466185109,20.783375179638792,0.08073051778770335,1.0,-201.56314086914062,19.759216198095608,19.858217308055615,0.09900110996000677,1.0,-422.7261047363281,19.292615970650346,19.376467947928784,0.08385197727843874,1.0,-274.4855041503906,19.08731923940373,19.170046165123175,0.08272692571944518,0.0,-58.45021057128906,347035,0,0.02103481530480212,2,1
23,149.8551134866004,1.8273038639862322,788012218326216146,i,1.0,True,False,788012218326190707,25.282288357714958,25.39515019404631,0.11286183633135138,,-0.2909761369228363,22.79130907901748,22.872979713773024,0.08167063475554315,1.0,-32.57564163208008,21.472630599613783,21.548449582750926,0.07581898313714319,1.0,-80.40409088134766,20.64204942020179,20.733045321556595,0.0909959013548054,1.0,-111.74006652832031,20.262685186231305,20.33616086670193,0.0734756804706258,1.0,-75.73070526123047,20.06019537000195,20.144914245161985,0.08471887516003562,1.0,-28.570058822631836,454848,0,0.02305694570019081,2,0
24,149.99204706658693,2.268741677001481,788014211191037330,i,1.0,True,False,788014211191014453,23.332880286372948,23.36934399088412,0.03646370451117065,,-7.149261474609375,21.511393017067952,21.595764256431593,0.08437123936364088,,-102.63652801513672,20.417774455687155,20.490829697239377,0.07305524155222187,1.0,-236.65609741210938,19.89086176168481,19.994272370515528,0.10341060883071762,1.0,-375.7710266113281,19.64220373482638,19.724913465405248,0.08270973057886621,1.0,-147.12054443359375,19.497229023922095,19.572911329536833,0.07568230561473754,1.0,-43.930633544921875,841435,0,0.25209978975855896,2,0
25,149.69875724075573,2.4412299752558586,788015035824759080,i,1.0,True,False,788015035824735468,22.344925215793666,22.395984991666275,0.05105977587260924,1.0,-19.021366119384766,22.00190780777678,22.097054181542113,0.0951463737653313,1.0,-56.85993576049805,21.429784700697347,21.502322884022455,0.07253818332510775,1.0,-72.19598388671875,20.98886690600318,21.1001738258898,0.11130691988661923,1.0,-74.64702606201172,21.037481550007975,21.128956953240518,0.09147540323254333,1.0,-29.579954147338867,20.849871075831338,20.941709217116195,0.09183814128485679,1.0,-8.890213966369629,560964,0,0.007861782508912136,2,1
26,149.88100184768334,2.4508338082604597,788014967105282294,i,1.0,True,False,788014967105258823,22.03378053515904,22.083690657457915,0.04991012229887559,1.0,-27.588539123535156,21.80264841309693,21.865673560074104,0.06302514697717498,1.0,-77.41770935058594,21.39807463243018,21.470326195124862,0.07225156269468158,1.0,-91.28722381591797,21.24234550993313,21.335874243381312,0.09352873344818136,1.0,-80.54510498046875,21.108169407060423,21.187033561163723,0.07886415410330017,1.0,-35.30323791503906,20.967240357738508,21.04604076576073,0.07880040802222155,1.0,-10.716374397277832,871221,0,0.014177038843160144,2,0
27,150.23811575967204,2.4459253459210974,788014829666327899,i,1.0,True,False,788014829666305265,24.574424376549985,24.63282199915194,0.058397622601955135,,-1.2121461629867554,22.559445438946994,22.635558282462398,0.07611284351540348,1.0,-31.153079986572266,21.506995433662908,21.578633456943116,0.07163802328020807,1.0,-51.305580139160156,21.08441203143586,21.182448064591267,0.09803603315540599,1.0,-72.24320983886719,20.8831326338522,20.963132793793815,0.08000015994161558,1.0,-43.782012939453125,20.76349292820509,20.84701271018447,0.08351978197937981,1.0,-11.069904327392578,512402,0,0.01844570691801745,2,0
28,150.1391147550453,1.8769674888772714,788012080887267077,i,1.0,True,False,788012080887238485,21.34272877943033,21.394825732068764,0.052096952638432725,1.0,-50.505226135253906,20.941164805617042,21.013242521435842,0.07207771581879996,1.0,-246.966064453125,20.775204480950816,20.846176223270497,0.0709717423196814,1.0,-176.65525817871094,20.616684402530993,20.734194479597697,0.11751007706670435,1.0,-159.7257537841797,20.315689924655857,20.415596335540855,0.09990641088499785,1.0,-72.24722290039062,20.292320091306387,20.397387551055644,0.10506745974925735,1.0,-26.8485050201416,75471,0,0.003976560462223035,2,1
29,150.6629072976727,2.72042038458197,788015310702672733,i,1.0,True,False,788015310702645314,25.047151392308827,25.073569881891608,0.026418489582781035,,-0.6645810008049011,22.73657791232585,22.804197975887966,0.06762006356211714,1.0,-35.02484893798828,21.35518845812938,21.42168437336404,0.06649591523466114,1.0,-73.88525390625,19.919466236739396,20.01085174770818,0.09138551096878444,1.0,-220.75595092773438,19.261105579999008,19.33139241842855,0.07028683842954209,1.0,-242.2622833251953,18.92596045798153,18.99909484010965,0.07313438212811718,1.0,-78.6058578491211,136082,0,0.09828794399564401,2,0
30,149.92657221822137,2.79257868398547,788016272775341678,i,1.0,True,False,788016272775317217,22.991973887486708,23.032273534874225,0.04029964738751701,1.0,-13.167989730834961,22.13876774656783,22.191391969778447,0.05262422321061777,1.0,-77.01190948486328,21.73053261671975,21.796055961888413,0.0655233451686641,1.0,-73.3765869140625,21.51032361010425,21.6416181170204,0.13129450691614863,1.0,-61.605796813964844,21.42809206903356,21.54268794341633,0.11459587438276841,1.0,-16.660268783569336,21.447232111189404,21.53917039021959,0.09193827903018459,1.0,-5.370659351348877,945490,0,0.04345477948779108,2,0
31,149.8841384668996,2.4019463723472922,788014967105279628,i,1.0,True,False,788014967105257685,24.889968357463516,24.889124177097443,-0.0008441803660730329,,-0.727016806602478,23.021146395057283,23.085189490906444,0.06404309584916135,1.0,-21.03845977783203,21.702278159637235,21.767323391241405,0.06504523160417008,1.0,-58.18135070800781,20.867474091016568,20.96150461599362,0.09403052497705033,1.0,-103.564208984375,20.461298302778697,20.536769134171085,0.07547083139238708,1.0,-58.08052444458008,20.173389751224832,20.248576418709746,0.07518666748491398,1.0,-22.566286087036133,325306,0,0.059556634508201894,2,0
32,149.66878620329567,1.9540097247205102,788012974240457689,i,1.0,True,False,788012974240433799,25.17916747492081,25.218248338691474,0.03908086377066411,0.0,-0.8078432679176331,22.266114223134355,22.334650265360473,0.06853604222611764,1.0,-62.509307861328125,20.83962714919076,20.902931237303,0.06330408811223975,1.0,-136.5470733642578,19.69027214910738,19.771766719529857,0.08149457042247832,1.0,-311.59222412109375,19.171465966313047,19.236625876908995,0.06515991059594839,1.0,-185.0919952392578,18.927621053943888,19.00690943480653,0.07928838086264278,1.0,-103.82810974121094,948017,0,0.08704907014409058,2,1
33,150.6204293478351,1.9014162405966262,788012561923594764,i,1.0,True,False,788012561923571769,23.245933030862396,23.294242626517526,0.048309595655130266,1.0,-8.479776382446289,22.317812429802252,22.382400778236004,0.06458834843375172,1.0,-58.520538330078125,21.879714169027093,21.94232290501006,0.06260873598296612,1.0,-59.9090576171875,21.675911172283918,21.757089863769064,0.081178691485146,1.0,-58.823360443115234,21.59821478362672,21.668515516271015,0.07030073264429504,1.0,-24.82769012451172,21.60199490222739,21.67198475904398,0.06998985681659065,1.0,-7.0544562339782715,76560,0,0.037561301931694276,2,0
34,150.66093363158473,1.975345385825413,788012561923598965,i,1.0,True,False,788012561923573761,21.97211823451522,22.020050979975995,0.04793274546077342,0.0,-35.10517501831055,21.62442697807719,21.6865183974777,0.06209141940050955,1.0,-127.85580444335938,21.43741011445953,21.496980553256922,0.059570438797390324,1.0,-101.2568359375,21.314379912780744,21.41286287666761,0.09848296388686606,1.0,-72.01311492919922,21.12461705539849,21.212445921695853,0.08782886629736097,1.0,-41.74382781982422,20.812903962246075,20.89259670440947,0.07969274216339528,1.0,-14.515421867370605,246222,0,0.01242937057356496,2,0
35,149.5339586090465,2.62640160453761,788015791739003226,i,1.0,True,False,788015791738980016,23.18924191860262,23.236933378420407,0.047691459817787774,1.0,-8.182826042175293,21.922603103695103,21.978120836011065,0.055517732315962576,1.0,-81.73148345947266,21.320567373296214,21.379784528068924,0.0592171547727105,1.0,-91.51802825927734,21.054896434983796,21.132094530663636,0.07719809567984015,1.0,-98.98591613769531,20.962583347404422,21.024860501643293,0.06227715423887048,1.0,-38.12599563598633,20.87950992585774,20.948121636566015,0.0686117107082751,1.0,-11.655780792236328,909640,0,0.0641970981776153,2,1
36,150.5113993316584,2.850762342124666,788016066616915594,i,1.0,True,False,788016066616888532,21.781116322256985,21.82451091072401,0.04339458846702371,0.0,-40.17876434326172,21.703242248062583,21.76010762194833,0.05686537388574564,1.0,-97.33956909179688,21.67193490626394,21.727861326677516,0.055926420413577205,1.0,-68.76350402832031,21.606533840227442,21.719234510090054,0.11270066986261185,1.0,-44.221492767333984,21.58422893603617,21.680755010789273,0.09652607475310404,1.0,-20.56703758239746,21.527141675002472,21.617327837871983,0.09018616286951087,1.0,-4.8174729347229,704896,0,0.2515391546724575,2,1
37,150.71646793559668,2.6933418126920166,788015310702670864,i,1.0,True,False,788015310702644532,26.491910602921187,26.534854603744886,0.04294400082369876,1.0,0.9053378105163574,23.05740118695568,23.11428053300172,0.05687934604603839,1.0,-23.541297912597656,21.844674177813246,21.9003055828084,0.055631404995153844,1.0,-52.81892395019531,20.642506459680284,20.715995244991287,0.07348878531100311,1.0,-141.0060577392578,20.08484765495354,20.145172446305708,0.06032479135216917,1.0,-97.43657684326172,19.837179467473966,19.883850608867014,0.04667114139304829,1.0,-33.30487060546875,746687,0,0.18071968144039796,2,0
38,150.5566216139118,2.5843952535979926,788015379422140658,i,1.0,True,False,788015379422118459,24.110681106623705,24.14127327294306,0.03059216631935513,,-2.5721731185913086,22.736806250851856,22.7987693560757,0.06196310522384252,1.0,-32.8252067565918,21.52844258275573,21.583729896801778,0.0552873140460477,1.0,-59.87773132324219,20.654968286929932,20.738417227489872,0.0834489405599399,1.0,-154.4219207763672,20.215989154934604,20.2861603676461,0.07017121271149662,1.0,-97.84431457519531,20.028154338431527,20.092921895691298,0.06476755725977057,1.0,-24.9975528717041,639051,0,0.054032281043623925,2,1
39,150.0585489484883,2.730342459518847,788015585580580956,i,1.0,True,False,788015585580552377,22.55743142775244,22.60055999686604,0.0431285691135983,1.0,-17.168174743652344,22.251956786150274,22.319556934454774,0.0676001483044999,1.0,-53.46556854248047,21.954063157023956,22.007963515443407,0.05390035841945107,1.0,-50.251922607421875,21.77211034522449,21.86179751765011,0.08968717242562008,1.0,-44.23540496826172,21.419891242439704,21.49288174706636,0.0729905046266559,1.0,-28.37404441833496,21.2254979938697,21.299272650168106,0.07377465629840785,1.0,-9.089274406433105,291149,0,0.013920737643266018,2,1
40,150.72362309773433,2.5572654259493297,788014623507905012,i,1.0,True,False,788014623507877947,24.900755129474536,24.94575073065834,0.0449956011838033,1.0,-2.043104648590088,22.266505939032932,22.310869912186472,0.04436397315354057,1.0,-49.1974983215332,20.930167177612258,20.98258179042655,0.05241461281429238,1.0,-121.02610778808594,20.09097991066498,20.168547305256478,0.07756739459149742,1.0,-236.81130981445312,19.70430206905306,19.772137397641895,0.0678353285888349,1.0,-216.34559631347656,19.50836917547115,19.570039458532264,0.06167028306111533,1.0,-43.90262985229492,28608,0,0.06651897904971249,2,1
41,149.90559163452897,1.9006563193522639,788012905520979592,i,1.0,True,False,788012905520955668,22.21230682651213,22.24688003510437,0.03457320859223856,1.0,-24.1573486328125,21.336051265700366,21.392906350118164,0.05685508441779774,1.0,-153.61109924316406,20.926287306667547,20.978029366061712,0.051742059394165096,1.0,-146.26136779785156,20.774127398688144,20.8476052772326,0.07347787854445542,1.0,-138.8986053466797,20.71027844235924,20.767861973032538,0.057583530673298355,1.0,-43.96284866333008,20.670192792702004,20.73307148004031,0.06287868733830493,1.0,-17.28719139099121,356686,0,0.016870453134869814,2,0
